<contents>
	<file>
		<name>hgis-sm.jpg</name>
		<type>image</type>
	</file>
	<file>
		<name>150px.jpg</name>
		<type>image</type>
	</file>
	<file>
		<name>635stamp.jpg</name>
		<type>image</type>
	</file>
	<file>
		<name>hgx_air-changes-ph-chart.jpg</name>
		<type>image</type>
	</file>
	<file>
		<name>report.css</name>
		<type>css</type>
	</file>
	<file>
		<name>MKCAssocUpload.html</name>
		<type>main</type>
	</file>
	<file>
		<name>energy_eff_handout-3.pdf</name>
		<type>attachment</type>
	</file>
	<file>
		<name>maintenance checklist.pdf</name>
		<type>attachment</type>
	</file>
	<file>
		<name>report.hr5</name>
		<type>data</type>
	</file>
</contents>
